firstName,lastName,birthDate,country,fiscalCode
Mario 01,Rossi 01,01/01/1962,Milano,XXXXXX85R17X123Y
Mario 02,Rossi 02,02/01/1962,Milano,XXXXXX85R17X123Y
Mario 03,Rossi 03,03/01/1962,Milano,XXXXXX85R17X123Y
Mario 04,Rossi 04,04/01/1962,Milano,XXXXXX85R17X123Y
Mario 05,Rossi 05,05/01/1962,Milano,XXXXXX85R17X123Y
Mario 06,Rossi 06,06/01/1962,Milano,XXXXXX85R17X123Y
Mario 07,Rossi 07,07/01/1962,Milano,XXXXXX85R17X123Y
Mario 08,Rossi 08,08/01/1962,Milano,XXXXXX85R17X123Y
Mario 09,Rossi 09,09/01/1962,Milano,XXXXXX85R17X123Y
Mario 10,Rossi 10,10/01/1962,Milano,XXXXXX85R17X123Y
Mario 11,Rossi 11,11/01/1962,Milano,XXXXXX85R17X123Y
Mario 12,Rossi 12,12/01/1962,Milano,XXXXXX85R17X123Y
Mario 13,Rossi 13,13/01/1962,Milano,XXXXXX85R17X123Y
Mario 14,Rossi 14,14/01/1962,Milano,XXXXXX85R17X123Y
Mario 15,Rossi 15,15/01/1962,Milano,XXXXXX85R17X123Y
Mario 16,Rossi 16,16/01/1962,Milano,XXXXXX85R17X123Y
Mario 17,Rossi 17,17/01/1962,Milano,XXXXXX85R17X123Y
Mario 18,Rossi 18,18/01/1962,Milano,XXXXXX85R17X123Y
Mario 19,Rossi 19,19/01/1962,Milano,XXXXXX85R17X123Y
Mario 20,Rossi 20,20/01/1962,Milano,XXXXXX85R17X123Y
Mario 21,Rossi 21,21/01/1962,Milano,XXXXXX85R17X123Y
Mario 22,Rossi 22,22/01/1962,Milano,XXXXXX85R17X123Y
Mario 23,Rossi 23,23/01/1962,Milano,XXXXXX85R17X123Y
Mario 24,Rossi 24,24/01/1962,Milano,XXXXXX85R17X123Y
Mario 25,Rossi 25,25/01/1962,Milano,XXXXXX85R17X123Y
Mario 26,Rossi 26,26/01/1962,Milano,XXXXXX85R17X123Y
Mario 27,Rossi 27,27/01/1962,Milano,XXXXXX85R17X123Y
Mario 28,Rossi 28,28/01/1962,Milano,XXXXXX85R17X123Y
Mario 29,Rossi 29,29/01/1962,Milano,XXXXXX85R17X123Y
Mario 30,Rossi 30,30/01/1962,Milano,XXXXXX85R17X123Y
Mario 31,Rossi 31,31/01/1962,Milano,XXXXXX85R17X123Y
Mario 32,Rossi 32,01/02/1962,Milano,XXXXXX85R17X123Y
Mario 33,Rossi 33,02/02/1962,Milano,XXXXXX85R17X123Y
Mario 34,Rossi 34,03/02/1962,Milano,XXXXXX85R17X123Y
Mario 35,Rossi 35,04/02/1962,Milano,XXXXXX85R17X123Y
Mario 36,Rossi 36,05/02/1962,Milano,XXXXXX85R17X123Y
Mario 37,Rossi 37,06/02/1962,Milano,XXXXXX85R17X123Y
Mario 38,Rossi 38,07/02/1962,Milano,XXXXXX85R17X123Y
Mario 39,Rossi 39,08/02/1962,Milano,XXXXXX85R17X123Y
Mario 40,Rossi 40,09/02/1962,Milano,XXXXXX85R17X123Y
Mario 41,Rossi 41,10/02/1962,Milano,XXXXXX85R17X123Y
Mario 42,Rossi 42,11/02/1962,Milano,XXXXXX85R17X123Y
Mario 43,Rossi 43,12/02/1962,Milano,XXXXXX85R17X123Y
Mario 44,Rossi 44,13/02/1962,Milano,XXXXXX85R17X123Y
Mario 45,Rossi 45,14/02/1962,Milano,XXXXXX85R17X123Y
Mario 46,Rossi 46,15/02/1962,Milano,XXXXXX85R17X123Y
Mario 47,Rossi 47,16/02/1962,Milano,XXXXXX85R17X123Y
Mario 48,Rossi 48,17/02/1962,Milano,XXXXXX85R17X123Y
Mario 49,Rossi 49,18/02/1962,Milano,XXXXXX85R17X123Y
Mario 50,Rossi 50,19/02/1962,Milano,XXXXXX85R17X123Y
Mario 51,Rossi 51,20/02/1962,Milano,XXXXXX85R17X123Y
Mario 52,Rossi 52,21/02/1962,Milano,XXXXXX85R17X123Y
Mario 53,Rossi 53,22/02/1962,Milano,XXXXXX85R17X123Y
Mario 54,Rossi 54,23/02/1962,Milano,XXXXXX85R17X123Y
Mario 55,Rossi 55,24/02/1962,Milano,XXXXXX85R17X123Y
Mario 56,Rossi 56,25/02/1962,Milano,XXXXXX85R17X123Y
Mario 57,Rossi 57,26/02/1962,Milano,XXXXXX85R17X123Y
Mario 58,Rossi 58,27/02/1962,Milano,XXXXXX85R17X123Y
Mario 59,Rossi 59,28/02/1962,Milano,XXXXXX85R17X123Y
Mario 60,Rossi 60,01/03/1962,Milano,XXXXXX85R17X123Y
Mario 61,Rossi 61,02/03/1962,Milano,XXXXXX85R17X123Y
Mario 62,Rossi 62,03/03/1962,Milano,XXXXXX85R17X123Y
Mario 63,Rossi 63,04/03/1962,Milano,XXXXXX85R17X123Y
Mario 64,Rossi 64,05/03/1962,Milano,XXXXXX85R17X123Y
Mario 65,Rossi 65,06/03/1962,Milano,XXXXXX85R17X123Y
Mario 66,Rossi 66,07/03/1962,Milano,XXXXXX85R17X123Y
Mario 67,Rossi 67,08/03/1962,Milano,XXXXXX85R17X123Y
Mario 68,Rossi 68,09/03/1962,Milano,XXXXXX85R17X123Y
Mario 69,Rossi 69,10/03/1962,Milano,XXXXXX85R17X123Y
Mario 70,Rossi 70,11/03/1962,Milano,XXXXXX85R17X123Y
Mario 71,Rossi 71,12/03/1962,Milano,XXXXXX85R17X123Y
Mario 72,Rossi 72,13/03/1962,Milano,XXXXXX85R17X123Y
Mario 73,Rossi 73,14/03/1962,Milano,XXXXXX85R17X123Y
Mario 74,Rossi 74,15/03/1962,Milano,XXXXXX85R17X123Y
Mario 75,Rossi 75,16/03/1962,Milano,XXXXXX85R17X123Y
Mario 76,Rossi 76,17/03/1962,Milano,XXXXXX85R17X123Y
Mario 77,Rossi 77,18/03/1962,Milano,XXXXXX85R17X123Y
Mario 78,Rossi 78,19/03/1962,Milano,XXXXXX85R17X123Y
Mario 79,Rossi 79,20/03/1962,Milano,XXXXXX85R17X123Y
Mario 80,Rossi 80,21/03/1962,Milano,XXXXXX85R17X123Y
Mario 81,Rossi 81,22/03/1962,Milano,XXXXXX85R17X123Y
Mario 82,Rossi 82,23/03/1962,Milano,XXXXXX85R17X123Y
Mario 83,Rossi 83,24/03/1962,Milano,XXXXXX85R17X123Y
Mario 84,Rossi 84,25/03/1962,Milano,XXXXXX85R17X123Y
Mario 85,Rossi 85,26/03/1962,Milano,XXXXXX85R17X123Y
Mario 86,Rossi 86,27/03/1962,Milano,XXXXXX85R17X123Y
Mario 87,Rossi 87,28/03/1962,Milano,XXXXXX85R17X123Y
Mario 88,Rossi 88,29/03/1962,Milano,XXXXXX85R17X123Y
Mario 89,Rossi 89,30/03/1962,Milano,XXXXXX85R17X123Y
Mario 90,Rossi 90,31/03/1962,Milano,XXXXXX85R17X123Y
Mario 91,Rossi 91,01/04/1962,Milano,XXXXXX85R17X123Y
Mario 92,Rossi 92,02/04/1962,Milano,XXXXXX85R17X123Y
Mario 93,Rossi 93,03/04/1962,Milano,XXXXXX85R17X123Y
Mario 94,Rossi 94,04/04/1962,Milano,XXXXXX85R17X123Y
Mario 95,Rossi 95,05/04/1962,Milano,XXXXXX85R17X123Y
Mario 96,Rossi 96,06/04/1962,Milano,XXXXXX85R17X123Y
Mario 97,Rossi 97,07/04/1962,Milano,XXXXXX85R17X123Y
Mario 98,Rossi 98,08/04/1962,Milano,XXXXXX85R17X123Y
Mario 99,Rossi 99,09/04/1962,Milano,XXXXXX85R17X123Y
Mario 100,Rossi 100,10/04/1962,Milano,XXXXXX85R17X123Y
Mario 101,Rossi 101,11/04/1962,Milano,XXXXXX85R17X123Y
Mario 102,Rossi 102,12/04/1962,Milano,XXXXXX85R17X123Y
Mario 103,Rossi 103,13/04/1962,Milano,XXXXXX85R17X123Y
Mario 104,Rossi 104,14/04/1962,Milano,XXXXXX85R17X123Y
Mario 105,Rossi 105,15/04/1962,Milano,XXXXXX85R17X123Y
Mario 106,Rossi 106,16/04/1962,Milano,XXXXXX85R17X123Y
Mario 107,Rossi 107,17/04/1962,Milano,XXXXXX85R17X123Y
Mario 108,Rossi 108,18/04/1962,Milano,XXXXXX85R17X123Y
Mario 109,Rossi 109,19/04/1962,Milano,XXXXXX85R17X123Y
Mario 110,Rossi 110,20/04/1962,Milano,XXXXXX85R17X123Y
Mario 111,Rossi 111,21/04/1962,Milano,XXXXXX85R17X123Y
Mario 112,Rossi 112,22/04/1962,Milano,XXXXXX85R17X123Y
Mario 113,Rossi 113,23/04/1962,Milano,XXXXXX85R17X123Y
Mario 114,Rossi 114,24/04/1962,Milano,XXXXXX85R17X123Y
Mario 115,Rossi 115,25/04/1962,Milano,XXXXXX85R17X123Y
Mario 116,Rossi 116,26/04/1962,Milano,XXXXXX85R17X123Y
Mario 117,Rossi 117,27/04/1962,Milano,XXXXXX85R17X123Y
Mario 118,Rossi 118,28/04/1962,Milano,XXXXXX85R17X123Y
Mario 119,Rossi 119,29/04/1962,Milano,XXXXXX85R17X123Y
Mario 120,Rossi 120,30/04/1962,Milano,XXXXXX85R17X123Y
Mario 121,Rossi 121,01/05/1962,Milano,XXXXXX85R17X123Y
Mario 122,Rossi 122,02/05/1962,Milano,XXXXXX85R17X123Y
Mario 123,Rossi 123,03/05/1962,Milano,XXXXXX85R17X123Y
Mario 124,Rossi 124,04/05/1962,Milano,XXXXXX85R17X123Y
Mario 125,Rossi 125,05/05/1962,Milano,XXXXXX85R17X123Y
Mario 126,Rossi 126,06/05/1962,Milano,XXXXXX85R17X123Y
Mario 127,Rossi 127,07/05/1962,Milano,XXXXXX85R17X123Y
Mario 128,Rossi 128,08/05/1962,Milano,XXXXXX85R17X123Y
Mario 129,Rossi 129,09/05/1962,Milano,XXXXXX85R17X123Y
Mario 130,Rossi 130,10/05/1962,Milano,XXXXXX85R17X123Y
Mario 131,Rossi 131,11/05/1962,Milano,XXXXXX85R17X123Y
Mario 132,Rossi 132,12/05/1962,Milano,XXXXXX85R17X123Y
Mario 133,Rossi 133,13/05/1962,Milano,XXXXXX85R17X123Y
Mario 134,Rossi 134,14/05/1962,Milano,XXXXXX85R17X123Y
Mario 135,Rossi 135,15/05/1962,Milano,XXXXXX85R17X123Y
Mario 136,Rossi 136,16/05/1962,Milano,XXXXXX85R17X123Y
Mario 137,Rossi 137,17/05/1962,Milano,XXXXXX85R17X123Y
Mario 138,Rossi 138,18/05/1962,Milano,XXXXXX85R17X123Y
Mario 139,Rossi 139,19/05/1962,Milano,XXXXXX85R17X123Y
Mario 140,Rossi 140,20/05/1962,Milano,XXXXXX85R17X123Y
Mario 141,Rossi 141,21/05/1962,Milano,XXXXXX85R17X123Y
Mario 142,Rossi 142,22/05/1962,Milano,XXXXXX85R17X123Y
Mario 143,Rossi 143,23/05/1962,Milano,XXXXXX85R17X123Y
Mario 144,Rossi 144,24/05/1962,Milano,XXXXXX85R17X123Y
Mario 145,Rossi 145,25/05/1962,Milano,XXXXXX85R17X123Y
Mario 146,Rossi 146,26/05/1962,Milano,XXXXXX85R17X123Y
Mario 147,Rossi 147,27/05/1962,Milano,XXXXXX85R17X123Y
Mario 148,Rossi 148,28/05/1962,Milano,XXXXXX85R17X123Y
Mario 149,Rossi 149,29/05/1962,Milano,XXXXXX85R17X123Y
Mario 150,Rossi 150,30/05/1962,Milano,XXXXXX85R17X123Y
Mario 151,Rossi 151,31/05/1962,Milano,XXXXXX85R17X123Y
Mario 152,Rossi 152,01/06/1962,Milano,XXXXXX85R17X123Y
Mario 153,Rossi 153,02/06/1962,Milano,XXXXXX85R17X123Y
Mario 154,Rossi 154,03/06/1962,Milano,XXXXXX85R17X123Y
Mario 155,Rossi 155,04/06/1962,Milano,XXXXXX85R17X123Y
Mario 156,Rossi 156,05/06/1962,Milano,XXXXXX85R17X123Y
Mario 157,Rossi 157,06/06/1962,Milano,XXXXXX85R17X123Y
Mario 158,Rossi 158,07/06/1962,Milano,XXXXXX85R17X123Y
Mario 159,Rossi 159,08/06/1962,Milano,XXXXXX85R17X123Y
Mario 160,Rossi 160,09/06/1962,Milano,XXXXXX85R17X123Y
Mario 161,Rossi 161,10/06/1962,Milano,XXXXXX85R17X123Y
Mario 162,Rossi 162,11/06/1962,Milano,XXXXXX85R17X123Y
Mario 163,Rossi 163,12/06/1962,Milano,XXXXXX85R17X123Y
Mario 164,Rossi 164,13/06/1962,Milano,XXXXXX85R17X123Y
Mario 165,Rossi 165,14/06/1962,Milano,XXXXXX85R17X123Y
Mario 166,Rossi 166,15/06/1962,Milano,XXXXXX85R17X123Y
Mario 167,Rossi 167,16/06/1962,Milano,XXXXXX85R17X123Y
Mario 168,Rossi 168,17/06/1962,Milano,XXXXXX85R17X123Y
Mario 169,Rossi 169,18/06/1962,Milano,XXXXXX85R17X123Y
Mario 170,Rossi 170,19/06/1962,Milano,XXXXXX85R17X123Y
Mario 171,Rossi 171,20/06/1962,Milano,XXXXXX85R17X123Y
Mario 172,Rossi 172,21/06/1962,Milano,XXXXXX85R17X123Y
Mario 173,Rossi 173,22/06/1962,Milano,XXXXXX85R17X123Y
Mario 174,Rossi 174,23/06/1962,Milano,XXXXXX85R17X123Y
Mario 175,Rossi 175,24/06/1962,Milano,XXXXXX85R17X123Y
Mario 176,Rossi 176,25/06/1962,Milano,XXXXXX85R17X123Y
Mario 177,Rossi 177,26/06/1962,Milano,XXXXXX85R17X123Y
Mario 178,Rossi 178,27/06/1962,Milano,XXXXXX85R17X123Y
Mario 179,Rossi 179,28/06/1962,Milano,XXXXXX85R17X123Y
Mario 180,Rossi 180,29/06/1962,Milano,XXXXXX85R17X123Y
Mario 181,Rossi 181,30/06/1962,Milano,XXXXXX85R17X123Y
Mario 182,Rossi 182,01/07/1962,Milano,XXXXXX85R17X123Y
Mario 183,Rossi 183,02/07/1962,Milano,XXXXXX85R17X123Y
Mario 184,Rossi 184,03/07/1962,Milano,XXXXXX85R17X123Y
Mario 185,Rossi 185,04/07/1962,Milano,XXXXXX85R17X123Y
Mario 186,Rossi 186,05/07/1962,Milano,XXXXXX85R17X123Y
Mario 187,Rossi 187,06/07/1962,Milano,XXXXXX85R17X123Y
Mario 188,Rossi 188,07/07/1962,Milano,XXXXXX85R17X123Y
Mario 189,Rossi 189,08/07/1962,Milano,XXXXXX85R17X123Y
Mario 190,Rossi 190,09/07/1962,Milano,XXXXXX85R17X123Y
Mario 191,Rossi 191,10/07/1962,Milano,XXXXXX85R17X123Y
Mario 192,Rossi 192,11/07/1962,Milano,XXXXXX85R17X123Y
Mario 193,Rossi 193,12/07/1962,Milano,XXXXXX85R17X123Y
Mario 194,Rossi 194,13/07/1962,Milano,XXXXXX85R17X123Y
Mario 195,Rossi 195,14/07/1962,Milano,XXXXXX85R17X123Y
Mario 196,Rossi 196,15/07/1962,Milano,XXXXXX85R17X123Y
Mario 197,Rossi 197,16/07/1962,Milano,XXXXXX85R17X123Y
Mario 198,Rossi 198,17/07/1962,Milano,XXXXXX85R17X123Y
Mario 199,Rossi 199,18/07/1962,Milano,XXXXXX85R17X123Y
